"","x"
"1","from:pnut"
"2","from:jessicaalba"
"3","from:ActuallyNPH"
"4","from:EYJr"
"5","from:MCRofficial"
"6","from:RM_Foundation"
"7","from:HankAzaria"
"8","from:tomwaits"
"9","from:MillaJovovich"
"10","from:YaoMing"
"11","from:JLo"
"12","from:TherealTaraji"
"13","from:duttypaul"
"14","from:anthonyedwards"
"15","from:AvanJogia"
"16","from:randyjackson8"
"17","from:AlecJRoss"
"18","from:s_vakarchuk"
"19","from:StephenColletti"
"20","from:jem"
"21","from:tonyparker"
"22","from:BachusAL06"
"23","from:DeptVetAffairs"
"24","from:Al_Horford"
"25","from:carlosbeltran15"
"26","from:vitorbelfort"
"27","from:holyfield"
"28","from:jeff_green22"
"29","from:DP_57"
"30","from:johnwoodRTR"
"31","from:bubbawatson"
"32","from:TomJackson57"
"33","from:CharlizeAfrica"
"34","from:LauraPausini"
"35","from:gallinari8888"
"36","from:jamesmaslow"
"37","from:robbiewilliams"
"38","from:AshleyMGreene"
"39","from:edhornick"
"40","from:mattdusk"
"41","from:ReggieEvans30"
"42","from:GreenDay"
"43","from:lindsaylohan"
"44","from:CarlyFiorina"
"45","from:SarahPalinUSA"
"46","from:TheRealStanLee"
"47","from:thedavidcook"
"48","from:RachelNichols1"
"49","from:RoomtoRead"
"50","from:Coolio"
"51","from:ReggieBush"
"52","from:EdwardNorton"
"53","from:jk_rowling"
"54","from:AndersFoghR"
"55","from:RedHourBen"
"56","from:TeamLou23"
"57","from:Robbie_OC"
"58","from:KAKA"
"59","from:RoeConn"
"60","from:josiahandthe"
"61","from:iansomerhalder"
"62","from:begspoker"
"63","from:OKKenna"
"64","from:nickjonas"
"65","from:julianobelletti"
"66","from:shahidkapoor"
"67","from:ciro7oficial"
"68","from:LeeNguyen24"
"69","from:BilbrayCA50"
"70","from:SimplyAJ10"
"71","from:carrieanninaba"
"72","from:beck"
"73","from:BillCosby"
"74","from:crookedvultures"
"75","from:CP3"
"76","from:howiemandel"
"77","from:thefalloftroy"
"78","from:kirkmorrison"
"79","from:crystaltamar"
"80","from:JimCarrey"
"81","from:YO_RANDYJACKSON"
"82","from:ColinCowherd"
"83","from:MichelleDBeadle"
"84","from:BlondieOfficial"
"85","from:MauriceEdu"
"86","from:AdamSchefter"
"87","from:SeanSingletary"
"88","from:stephenjcannell"
"89","from:PSOE"
"90","from:KrisAllen"
"91","from:LucianoBurti"
"92","from:chucktodd"
"93","from:georgelopez"
"94","from:AntonioPizzonia"
"95","from:CharlieDavies9"
"96","from:cypresshill"
"97","from:williecolon"
"98","from:AkshayaPatraUSA"
"99","from:Nicole_Murphy"
"100","from:13POB13"
"101","from:TonyBesson"
"102","from:justbrad23"
"103","from:HHShkMohd"
"104","from:Buckcherry"
"105","from:jettheband"
"106","from:TakeoSpikes51"
"107","from:FloydMayweather"
"108","from:lorenarojas"
"109","from:vkhosla"
"110","from:themichellewie"
"111","from:IAmAnushka"
"112","from:gilbirmingham"
"113","from:TheVickyHurst"
"114","from:markschlereth"
"115","from:seanhannity"
"116","from:TiaCarrere"
"117","from:cameronbright"
"118","from:NathanPacheco"
"119","from:TravieMcCoy"
"120","from:Residente"
"121","from:FreddyAdu"
"122","from:DeRayDavis"
"123","from:ChrisGorham"
"124","from:Erik_Seidel"
"125","from:DJWhooKid"
"126","from:kaj33"
"127","from:JenniferPreston"
"128","from:RudyGay"
"129","from:Pamela_Brunson"
"130","from:LizGillies"
"131","from:james_a_michael"
"132","from:MMRAW"
"133","from:ChrisJohnson28"
"134","from:QuincyDJones"
"135","from:saraevansmusic"
"136","from:russwest44"
"137","from:KDTrey5"
"138","from:aliciakeys"
"139","from:OfficialSisQo"
"140","from:joseserra_"
"141","from:VerticalHorizon"
"142","from:aaroncarter"
"143","from:richeisen"
"144","from:WarrenSapp"
"145","from:ArianaGrande"
"146","from:schzimmydeanie"
"147","from:10years"
"148","from:JozyAltidore"
"149","from:nflcommish"
"150","from:WHOSTP44"
"151","from:ChristianKeyes"
"152","from:shannonleetweed"
"153","from:cocolee117"
"154","from:bobburnquist"
"155","from:khloekardashian"
"156","from:BigMay42"
"157","from:BrettRatner"
"158","from:CharmCityDevils"
"159","from:TGRFound"
"160","from:shawnieora"
"161","from:TexDolly"
"162","from:Tahj_Mowry"
"163","from:zacf_129979472"
"164","from:wingoz"
"165","from:NathanFillion"
"166","from:ToddBrunson"
"167","from:Im_Just_Chloe"
"168","from:AMCOUNTRYCNTWN"
"169","from:Mc_Driver"
"170","from:francescadani"
"171","from:SomethingToBurn"
"172","from:LaurenLondon"
"173","from:VictoriaCoren"
"174","from:mariamenounos"
"175","from:SophiaFreshness"
"176","from:MaxCollinsMusic"
"177","from:TonyWasHere___"
"178","from:ciara"
"179","from:Ginuwine"
"180","from:mortreport"
"181","from:Pink"
"182","from:ShaunPhillips95"
"183","from:grantimahara"
"184","from:TayDizm"
"185","from:robbierogers"
"186","from:MrBlackFrancis"
"187","from:GordonKljestan"
"188","from:sherwood"
"189","from:nodoubt"
"190","from:jasonderulo"
"191","from:TPAIN"
"192","from:robkardashian"
"193","from:Saliva"
"194","from:Jessicaveronica"
"195","from:nicolerichie"
"196","from:JaredLeto"
"197","from:Andy_Bloch"
"198","from:VerneTroyer"
"199","from:stuholden"
"200","from:justinbieber"
"201","from:thehitwoman"
"202","from:ashleesimpson"
"203","from:Kenny_Mayne"
"204","from:charitywater"
"205","from:Alyssa_Milano"
"206","from:jtimberlake"
"207","from:KeriHilson"
"208","from:BennyHarlem"
"209","from:rogerclemens"
"210","from:JeffMadsenobv"
"211","from:MarleeMatlin"
"212","from:Shinedown"
"213","from:RepGusBilirakis"
"214","from:MirandaCosgrove"
"215","from:SammieAlways"
"216","from:TichaPenicheiro"
"217","from:Bridget"
"218","from:AlvaroGarnero"
"219","from:SarahBrownUK"
"220","from:JJ_Lin"
"221","from:DerrenBrown"
"222","from:PlayboyMic"
"223","from:KimKardashian"
"224","from:ThaboSefolosha"
"225","from:PepeAguilar"
"226","from:UncleRUSH"
"227","from:lala"
"228","from:ParisHilton"
"229","from:FreeSol"
"230","from:MarlonWayans"
"231","from:DJCLUE"
"232","from:Kandi"
"233","from:ShashiTharoor"
"234","from:Tyrese"
"235","from:leonthomas"
"236","from:MattBennett"
"237","from:JoelMadden"
"238","from:eddieizzard"
"239","from:AnnieDuke"
"240","from:brian_littrell"
"241","from:howied"
"242","from:nickcarter"
"243","from:kramergirl"
"244","from:jonasbrothers"
"245","from:THELASTVEGAS"
"246","from:marionraven"
"247","from:terrellowens"
"248","from:NickHexum"
"249","from:RevRunWisdom"
"250","from:druidDUDE"
"251","from:deftones"
"252","from:SeanKingston"
"253","from:NICQUEENCOLE"
"254","from:SkyeTunes"
"255","from:Sia"
"256","from:selenagomez"
"257","from:mitchelmusso"
"258","from:DaniellaMonet"
"259","from:SugarcultMarko"
"260","from:KristinaShannon"
"261","from:LennyKravitz"
"262","from:afghanraiders"
"263","from:kingsthings"
"264","from:itstayloryall"
"265","from:DanWarp"
"266","from:Roothlus"
"267","from:RiskyBusinessMB"
"268","from:AlexanderNoyes"
"269","from:doscareers"
"270","from:SkillzVa"
"271","from:frillneck"
"272","from:jimjonescapo"
"273","from:JudyBiggert"
"274","from:JessicaBurciaga"
"275","from:DJMissBehavior"
"276","from:danawhite"
"277","from:ScottStapp"
"278","from:shawnnamusic"
"279","from:AdrienneBailon"
"280","from:EmilyOsment"
"281","from:myfabolouslife"
"282","from:RoyBlunt"
"283","from:JoeySantiago"
"284","from:DanicaPatrick"
"285","from:kathygriffin"
"286","from:latimesmuskal"
"287","from:Mike_Rann"
"288","from:jpmontoya"
"289","from:michaelianblack"
"290","from:LilyMazahery"
"291","from:ashleymonroe"
"292","from:MatthewBerryTMR"
"293","from:30SECONDSTOMARS"
"294","from:SteveAustria"
"295","from:jensstoltenberg"
"296","from:PAULVANDYK"
"297","from:CrissAngel"
"298","from:nancyodell"
"299","from:DJPROSTYLE"
"300","from:Stroke9"
"301","from:jeremypiven"
"302","from:beastieboys"
"303","from:MarielHemingway"
"304","from:bandofhorses"
"305","from:BDUTT"
"306","from:RepJoeBarton"
"307","from:julianperretta"
"308","from:RepKevinBrady"
"309","from:HungryGirl"
"310","from:jaysean"
"311","from:thekillers"
"312","from:CDCemergency"
"313","from:MaryBonoUSA"
"314","from:DJDRAMA"
"315","from:BlairUnderwood"
"316","from:JordinSparks"
"317","from:justdemi"
"318","from:LizHernandez"
"319","from:chriscornell"
"320","from:Oprah"
"321","from:operationsmile"
"322","from:llcoolj"
"323","from:LilJon"
"324","from:Mike_Doughty_"
"325","from:LilTwist"
"326","from:AFI"
"327","from:aplusk"
"328","from:Joseguillermo"
"329","from:RealDMitchell"
"330","from:coldplay"
"331","from:didoofficial"
"332","from:keaneofficial"
"333","from:djrap"
"334","from:PaulBrounMD"
"335","from:KarlRove"
"336","from:DeSeanJackson11"
"337","from:freddurst"
"338","from:serafinowicz"
"339","from:katevoegele"
"340","from:JoeHockey"
"341","from:tomgreenlive"
"342","from:st_vincent"
"343","from:jrich23"
"344","from:solangeknowles"
"345","from:neilhimself"
"346","from:JeffreeStar"
"347","from:johnlegend"
"348","from:TonyYayo"
"349","from:50cent"
"350","from:Diddy"
"351","from:MicheleBachmann"
"352","from:phil_hellmuth"
"353","from:tonibraxton"
"354","from:Phillyfreezer"
"355","from:JBARsodmg"
"356","from:ashleytisdale"
"357","from:Stanford"
"358","from:MassGovernor"
"359","from:matisyahu"
"360","from:Eve6"
"361","from:Maestro"
"362","from:TimWestwood"
"363","from:taylorswift13"
"364","from:stephanjenkins"
"365","from:Ludacris"
"366","from:yokoono"
"367","from:FBI"
"368","from:boburnham"
"369","from:marissamayer"
"370","from:SHAQ"
"371","from:toddbarry"
"372","from:honsocmusic"
"373","from:frugalista"
"374","from:algore"
"375","from:NickKristof"
"376","from:lilyallen"
"377","from:GregYaitanes"
"378","from:KSMofficial"
"379","from:CARE"
"380","from:DavidBlue"
"381","from:souljaboy"
"382","from:EricHutchinson"
"383","from:lancearmstrong"
"384","from:NBCF"
"385","from:Weezer"
"386","from:dashboardmusic"
"387","from:MikeBloomberg"
"388","from:theroser"
"389","from:IAMtheCOMMODORE"
"390","from:RED"
"391","from:britneyspears"
"392","from:DaveJMatthews"
"393","from:henrymcmaster"
"394","from:MayorSlay"
"395","from:margaretcho"
"396","from:StephenAtHome"
"397","from:BenWrightATL"
"398","from:petewentz"
"399","from:cesarmillan"
"400","from:RyanSeacrest"
"401","from:livestrong"
"402","from:lights"
"403","from:chrisbosh"
"404","from:meiko"
"405","from:Readygov"
"406","from:MediaJonKlein"
"407","from:TheEllenShow"
"408","from:CoryBooker"
"409","from:hardwick"
"410","from:donttrythis"
"411","from:TravelGov"
"412","from:greshambarrett"
"413","from:PonandZi"
"414","from:stephenfry"
"415","from:jamiecullum"
"416","from:andersoncooper"
"417","from:PearlJam"
"418","from:Padmasree"
"419","from:benkweller"
"420","from:PleasureEllis"
"421","from:AliBrown"
"422","from:jimmyeatworld"
"423","from:questlove"
"424","from:nicovega"
"425","from:Paula_Deen"
"426","from:paparoach"
"427","from:AubreyODay"
"428","from:KeithUrban"
"429","from:imogenheap"
"430","from:octavianasr"
"431","from:brianstelter"
"432","from:AHMalcolm"
"433","from:thelittleidiot"
"434","from:martinamcbride"
"435","from:jerrytrainor"
"436","from:genesimmons"
"437","from:TheDemocrats"
"438","from:Refugees"
"439","from:ladygaga"
"440","from:thescript"
"441","from:UN"
"442","from:WeAreTheUsed"
"443","from:randizuckerberg"
"444","from:JuliaAllison"
"445","from:imanfeels"
"446","from:NASA"
"447","from:GavinNewsom"
"448","from:benparr"
"449","from:amandapalmer"
"450","from:StateDept"
"451","from:xonecole"
"452","from:GuyKawasaki"
"453","from:bjork"
"454","from:howardlindzon"
"455","from:shwayze"
"456","from:SteveCase"
"457","from:MUTEMATH"
"458","from:azizansari"
"459","from:MCHammer"
"460","from:robinthicke"
"461","from:SaraBareilles"
"462","from:JohnBoozman"
"463","from:DrowningPool"
"464","from:PeterHamby"
"465","from:AlisonSudol"
"466","from:myspacetom"
"467","from:michellebranch"
"468","from:SnoopDogg"
"469","from:timoreilly"
"470","from:mashable"
"471","from:BarackObama"
"472","from:pierre"
"473","from:loic"
"474","from:kevinrose"
"475","from:khoi"
"476","from:Janina"
"477","from:briansolis"
"478","from:Jason"
